up_streak,up_bigdays_20d,close,range_pct,y21,ma_stack,ma60_slope_60d,end_of_window_ret,max_fwd21_ret,run_length,macd,y5_touch,vol_5d,rsi_14,argmax_day_fwd21,rv_60,bb_z20,macd_hist,ticker,vol_z,atr_pct,macd_sig,dist_ma60_atr,date,sector,sector_pop_5d,finbert_max_5d,finbert_max_20d,finbert_mean_5d,news_n_5d,news_n_20d,earn_news_5d,earn_news_20d,ma_news_5d,ma_news_20d,spy_ret_5d,spy_ret_20d,spy_rv_20,spy_rv_60,vix,vix_chg_5d,fng,close_5d_ago,ret_5d_lag,close_20d_ago,ret_20d_lag,close_60d_ago,ret_60d_lag,close_180d_ago,ret_180d_lag,rsi_14_xrank,rv_60_xrank,ma60_slope_xrank,ret_20d_xrank,max_60d,min_60d,dd_60d,prob_cal,raw_margin,ext_level,ext_reason,ext_safe,ext_priority
1,9.0,181.5850067138672,0.0771539168369346,-1,0,0.3009449073858161,,,0,-0.0130585049997438,-1,0.7903849407722697,39.57777335058428,-1,1.8597076766410143,-0.9484499721676056,-0.2106326059097128,CAR,-1.0172536115565909,0.5866162636084625,0.197574100909969,-0.0233154274398541,2026-05-01,,0,0.8827075250446796,0.9107149057090282,-0.0175468573967615,15.0,60.0,1,1,0,0,0.01415365830052373,0.09637401044314098,0.11989775576861669,0.15460498113494978,16.8799991607666,-1.8299999237060547,68.0857142857143,204.0,-0.10987741806927853,190.4199981689453,-0.0463973928160607,122.88999938964844,0.4776223257851435,161.25,0.12610856876816867,0.18497109826589594,0.9978323699421965,0.9747109826589595,0.13800578034682082,713.969970703125,87.69000244140625,-0.8771797049740786,0.32085106382978723,0.8653779840012096,FRESH,no prior run (20d -5%),True,10
0,6.0,10.170000076293944,0.1120943344244167,-1,0,0.977794153198166,,,0,-0.093474260491698,-1,2.3743160271022514,36.68690474447607,-1,1.3122090839926144,-1.6717463080870896,-0.1354632690003402,ERAS,-0.4262179587424846,0.2505899746230736,0.0419890085086421,-1.933817193155249,2026-05-01,,0,0.8553381692618132,0.9356644544750452,-0.0091749926097691,15.0,27.0,0,1,0,0,0.01415365830052373,0.09637401044314098,0.11989775576861669,0.15460498113494978,16.8799991607666,-1.8299999237060547,68.0857142857143,21.489999771118164,-0.5267566224006163,17.809999465942383,-0.4289724659598233,11.239999771118164,-0.09519570432498115,1.6200000047683716,5.277777806394547,0.14378612716763006,0.990606936416185,1.0,0.000722543352601156,22.46999931335449,9.109999656677246,-0.5945705413856892,0.32085106382978723,0.7617752387698787,EXTREME,"60d -10%, 180d +528%, 20d -43% — multi-leg run already exhausted",False,99
0,5.0,27.21999931335449,0.0675936484027636,-1,0,0.9581312970126356,,,0,-0.1161427329540592,-1,0.5134955232451904,19.245721233135995,-1,1.8622002304369984,-1.1551880498657496,-0.0587153196894397,BNAI,-0.7294098680728052,0.1830242954319139,-0.0574274132646194,-1.5158310079736377,2026-05-01,,0,0.5564893502742052,0.9348305817693472,-0.1684909493972857,15.0,51.0,1,1,0,0,0.01415365830052373,0.09637401044314098,0.11989775576861669,0.15460498113494978,16.8799991607666,-1.8299999237060547,68.0857142857143,30.020000457763672,-0.09327118926425781,41.65999984741211,-0.3466154725623366,22.270000457763672,0.22227205899608182,3.109999895095825,7.752411650006113,0.010115606936416185,0.9985549132947977,0.9992774566473989,0.002167630057803468,56.95000076293945,17.610000610351562,-0.69078138060691,0.32085106382978723,0.6016054835669797,EXTREME,"60d +22%, 180d +775%, 20d -35% — multi-leg run already exhausted",False,99
4,11.0,76.90989685058594,0.1228697235737,-1,1,0.0851537333905116,,,23,0.1690988262301389,-1,2.2465611946663637,88.11350315106534,-1,1.81173420142355,2.081841470459642,0.0628322449667891,MXL,0.0441408036501787,0.0999127341747705,0.1062665812633498,6.91191349673064,2026-05-01,,0,0.9270999561995268,0.9270999561995268,0.1434358110030492,15.0,21.0,1,1,1,1,0.01415365830052373,0.09637401044314098,0.11989775576861669,0.15460498113494978,16.8799991607666,-1.8299999237060547,68.0857142857143,60.31999969482422,0.2750314529127098,17.979999542236328,3.277524961550694,17.229999542236328,3.4637201911732376,15.979999542236328,3.812884796855429,0.9920520231213873,0.9956647398843931,0.6206647398843931,1.0,76.90989685058594,15.720000267028809,-0.7956049752924738,0.32085106382978723,0.4452756583461225,EXTREME,"60d +346%, 180d +381%, 20d +328% — multi-leg run already exhausted",False,99
3,9.0,95.09919738769533,0.187173010295678,-1,1,0.3755901321626593,,,17,0.0798431046746781,-1,0.8197389957231355,65.77438978181642,-1,1.8934053960913355,1.88787764617626,0.004978693419562,AXTI,0.2005861579340446,0.1185529095125542,0.0748644112551161,3.904729916521038,2026-05-01,,0,0.9265530575066804,0.9335339907556772,0.0760256327067812,15.0,36.0,1,1,0,0,0.01415365830052373,0.09637401044314098,0.11989775576861669,0.15460498113494978,16.8799991607666,-1.8299999237060547,68.0857142857143,76.16000366210938,0.24867637624613792,52.84000015258789,0.7997577046380411,18.75,4.071957194010418,2.180000066757202,42.62348370436404,0.7854046242774566,0.9992774566473989,0.9920520231213873,0.9934971098265896,95.09919738769533,20.43000030517578,-0.785171685288911,0.32085106382978723,0.40999849635628555,EXTREME,"60d +407%, 180d +4262%, 20d +80% — multi-leg run already exhausted",False,99
3,9.0,24.55500030517578,0.1062919434154022,-1,1,-0.0361874650390625,,,15,0.0867060121830933,-1,0.9767400528595382,71.97421632746764,-1,1.5121835878641796,1.919230980502751,0.032361936386128,ALMU,-0.009837448227427,0.1191872362408242,0.0543440757969652,3.049455661394981,2026-05-01,,0,0.899796808604151,0.9339854959398508,0.195922357061257,15.0,18.0,0,1,0,0,0.01415365830052373,0.09637401044314098,0.11989775576861669,0.15460498113494978,16.8799991607666,-1.8299999237060547,68.0857142857143,19.20499992370605,0.2785733091759015,13.4399995803833,0.8270090083198862,14.760000228881836,0.6636178810571725,21.479999542236328,0.14315646315043207,0.8901734104046243,0.9942196531791907,0.29985549132947975,0.994942196531792,24.55500030517578,10.729999542236328,-0.5630218118965111,0.32085106382978723,0.3867947259159124,EXTREME,"60d +66%, 180d +14%, 20d +83% — multi-leg run already exhausted",False,99
1,9.0,154.92999267578125,0.1032724505027433,-1,0,0.1504459098078441,,,1,0.047986935521871,-1,0.8888682768382282,50.24755447055932,-1,1.0571164631817362,0.5379016654275042,-0.0153413618337865,NBIS,-1.1489144133269893,0.0745175368519238,0.0633282973556575,3.2988945270048173,2026-05-01,,0,0.9233019314706326,0.931923508644104,-0.0180745875462889,15.0,60.0,0,0,0,0,0.01415365830052373,0.09637401044314098,0.11989775576861669,0.15460498113494978,16.8799991607666,-1.8299999237060547,68.0857142857143,147.16000366210938,0.05279959785481081,108.81999969482422,0.42372719270601267,82.38999938964844,0.8804465811811477,70.62999725341797,1.1935438015082718,0.3995664739884393,0.976878612716763,0.7911849710982659,0.9617052023121387,166.77000427246094,73.87000274658203,-0.5570546210102825,0.32085106382978723,0.3488582668701492,EXTREME,"60d +88%, 180d +119%, 20d +42% — multi-leg run already exhausted",False,99
3,9.0,187.8300018310547,0.1802156149816724,-1,1,0.375401069727783,,,21,0.0828182728523097,-1,0.7431022478046364,61.01640877711232,-1,1.830255136649928,2.2931277444207656,0.0042755673007245,AAOI,-0.776738235644145,0.0976543689863922,0.0785427055515851,4.64517950370597,2026-05-01,,0,0.9334375318139791,0.9344474300742148,0.2348459707573055,15.0,60.0,0,1,0,0,0.01415365830052373,0.09637401044314098,0.11989775576861669,0.15460498113494978,16.8799991607666,-1.8299999237060547,68.0857142857143,162.1699981689453,0.1582290432992255,103.91000366210938,0.8076219344754638,39.900001525878906,3.7075186628559216,23.020000457763672,7.15942650286558,0.6929190751445087,0.9971098265895953,0.9913294797687862,0.9942196531791907,187.8300018310547,38.130001068115234,-0.7969972810711486,0.32085106382978723,0.34280804949260973,EXTREME,"60d +371%, 180d +716%, 20d +81% — multi-leg run already exhausted",False,99
1,8.0,201.9149932861328,0.0619568144099983,-1,1,-0.0937944207308848,,,19,0.0910341966338903,-1,0.8591939226684966,67.39302599525973,-1,1.052205998325649,1.0213113537494538,0.0069080740776022,ALAB,-1.35612697520823,0.0699700472553346,0.084126122556288,4.2601856357727765,2026-05-01,,0,0.9205254791304468,0.9413426090031862,0.1685920216764012,15.0,60.0,0,1,0,0,0.01415365830052373,0.09637401044314098,0.11989775576861669,0.15460498113494978,16.8799991607666,-1.8299999237060547,68.0857142857143,212.83999633789065,-0.05132965250767074,117.13999938964844,0.7237066274389605,144.6699981689453,0.3956936188686262,193.63999938964844,0.04273390788353182,0.8222543352601156,0.9754335260115607,0.21026011560693642,0.9913294797687862,212.83999633789065,100.2699966430664,-0.5288949522255939,0.32085106382978723,0.3164637616036569,EXTREME,"60d +40%, 180d +4%, 20d +72% — multi-leg run already exhausted",False,99
0,10.0,33.15999984741211,0.0690591352854322,-1,1,0.3169531557819526,,,23,0.1435415870451943,-1,0.9377637637738024,77.24391107414787,-1,1.4456715981837984,1.3986563900648867,0.0299743266382354,WATT,-1.00299457005633,0.1091612103200281,0.1135672604069589,4.625757215123209,2026-05-01,,0,0.9343446977436544,0.9343446977436544,-0.0650994615939756,15.0,15.0,0,1,0,1,0.01415365830052373,0.09637401044314098,0.11989775576861669,0.15460498113494978,16.8799991607666,-1.8299999237060547,68.0857142857143,28.190000534057617,0.1763036260801063,15.739999771118164,1.1067344555022465,8.829999923706055,2.755379403615495,8.100000381469727,3.093826948856921,0.9501445086705202,0.9927745664739884,0.9819364161849711,0.9978323699421965,35.33000183105469,8.550000190734863,-0.7579960445057349,0.32085106382978723,0.30777479878943126,EXTREME,"60d +276%, 180d +309%, 20d +111% — multi-leg run already exhausted",False,99
1,12.0,180.02000427246094,0.0652700153783026,-1,1,-0.118542383626449,,,19,0.0959470697267861,-1,0.717922744282215,67.01698779183728,-1,1.0107023625363112,0.7535780031509148,0.0012427709232828,CRDO,-1.464159229336647,0.078270233566848,0.0947042988035032,3.7865543257531447,2026-05-01,,0,0.9001637119799852,0.9321112800389528,0.2696783298626542,15.0,60.0,0,1,1,1,0.01415365830052373,0.09637401044314098,0.11989775576861669,0.15460498113494978,16.8799991607666,-1.8299999237060547,68.0857142857143,195.0399932861328,-0.07700979045685696,101.4499969482422,0.7744702778483434,96.9499969482422,0.8568335218057463,121.12999725341795,0.48617195041983097,0.8143063583815029,0.9703757225433526,0.18063583815028902,0.9927745664739884,195.0399932861328,87.80999755859375,-0.5497846565767034,0.32085106382978723,0.2902917274318415,EXTREME,"60d +86%, 180d +49%, 20d +77% — multi-leg run already exhausted",False,99
0,8.0,125.56999969482422,0.0733455372051918,-1,1,0.0107609318048458,,,18,0.1244483396729357,-1,1.020605693977088,79.58430268508481,-1,1.0486688346486104,1.1360641513469647,0.0287107163791592,INBX,-0.5549892447382891,0.0991586938803582,0.0957376232937765,3.598489904882951,2026-05-01,,0,0.9326446298509836,0.9326446298509836,-0.2041945921567579,12.0,12.0,1,1,0,0,0.01415365830052373,0.09637401044314098,0.11989775576861669,0.15460498113494978,16.8799991607666,-1.8299999237060547,68.0857142857143,129.05999755859375,-0.02704166999681723,63.52999877929688,0.9765465466330985,82.55999755859375,0.5209544986445256,23.56999969482422,4.32753505815269,0.9653179190751445,0.9747109826589595,0.40534682080924855,0.9963872832369942,131.4499969482422,58.38999938964844,-0.555800679001619,0.32085106382978723,0.28187344737692327,EXTREME,"60d +52%, 180d +433%, 20d +98% — multi-leg run already exhausted",False,99
1,5.0,97.74500274658205,0.0669088007750456,-1,0,0.1460219558531947,,,0,-0.0094542306249296,-1,0.572748937487299,49.104837291219766,-1,1.1856375362080918,-0.0185706118133297,-0.0079469442775581,CRCL,-0.8956275763586646,0.0736880971491188,-0.0015072863473714,0.6096492777786359,2026-05-01,,0,0.9317992981523276,0.9317992981523276,0.2793999906629324,15.0,60.0,0,0,1,1,0.01415365830052373,0.09637401044314098,0.11989775576861669,0.15460498113494978,16.8799991607666,-1.8299999237060547,68.0857142857143,99.66000366210938,-0.019215340609659348,90.26000213623048,0.08292710428983119,55.04999923706055,0.7755677402585417,153.16000366210938,-0.3618111751797808,0.3699421965317919,0.986271676300578,0.7817919075144508,0.6221098265895953,132.83999633789062,50.22999954223633,-0.621875934003553,0.32085106382978723,0.2804251381202306,EXTREME,"60d +78%, 180d -36%, 20d +8% — multi-leg run already exhausted",False,99
1,9.0,287.0299987792969,0.0627460887092615,-1,1,0.190596803761329,,,18,0.1085876376701098,-1,1.1423916609858944,82.20496483150103,-1,1.191204029409359,1.6329362341966258,0.0261299317547377,BE,-1.212092031466062,0.0791102080229208,0.0824577059153721,5.11642444529712,2026-05-01,,0,0.9192060511559248,0.93947933614254,0.1364051250740885,15.0,60.0,0,1,0,0,0.01415365830052373,0.09637401044314098,0.11989775576861669,0.15460498113494978,16.8799991607666,-1.8299999237060547,68.0857142857143,231.1699981689453,0.2416403558109108,135.6300048828125,1.1162721259746138,147.35000610351562,0.9479469758396475,44.08000183105469,5.511569574778967,0.9790462427745664,0.9869942196531792,0.8605491329479769,0.9992774566473989,287.9700012207031,119.51000213623048,-0.5849914865103021,0.32085106382978723,0.26890323316086545,EXTREME,"60d +95%, 180d +551%, 20d +112% — multi-leg run already exhausted",False,99
2,11.0,93.6999969482422,0.0847385560299658,-1,1,0.2828655382544802,,,22,0.1236157430594765,-1,0.8152428468325678,69.58762481167219,-1,1.4405907921669372,0.9756422559264588,-0.0068031296523518,AEHR,-0.9821400999843128,0.099862781397472,0.1304188727118283,4.6234554100593055,2026-05-01,,0,0.9248452205210924,0.9395589716732502,0.3299785881613691,15.0,54.0,1,1,0,0,0.01415365830052373,0.09637401044314098,0.11989775576861669,0.15460498113494978,16.8799991607666,-1.8299999237060547,68.0857142857143,95.91000366210938,-0.023042504738640446,44.31999969482422,1.1141696207905136,23.82999992370605,2.9320183486458835,20.15999984741211,3.647817344119189,0.8591040462427746,0.9920520231213873,0.9660404624277457,0.9985549132947977,97.36000061035156,23.0,-0.7637633539871345,0.32085106382978723,0.26772450883676313,EXTREME,"60d +293%, 180d +365%, 20d +111% — multi-leg run already exhausted",False,99
2,8.0,26.18000030517578,0.0878533658364576,-1,1,0.0922937324145809,,,15,0.0741097971050417,-1,1.1316485238484013,74.13881969913899,-1,1.080659593588244,1.5714943039020066,0.0229117201392921,USAR,-0.1096282110015494,0.0901587899462349,0.0511980769657495,2.9400212833825217,2026-05-01,,0,0.928593447431922,0.928593447431922,0.2254963243380189,15.0,60.0,0,1,1,1,0.01415365830052373,0.09637401044314098,0.11989775576861669,0.15460498113494978,16.8799991607666,-1.8299999237060547,68.0857142857143,21.86000061035156,0.1976212065052978,15.920000076293944,0.6444723730975188,23.530000686645508,0.11262216494682398,16.989999771118164,0.5409064542590512,0.916907514450867,0.9797687861271677,0.6495664739884393,0.9884393063583815,26.18000030517578,14.229999542236328,-0.45645533321773646,0.32085106382978723,0.19903963166765692,EXTREME,"60d +11%, 180d +54%, 20d +64% — multi-leg run already exhausted",False,99
0,7.0,21.3700008392334,0.0524099576625742,-1,1,0.1357081541010299,,,24,0.1022104080929244,-1,0.5355086009130435,66.58334200912189,-1,1.2762221005510623,0.8689948293938642,0.0032814846069128,SGML,-0.8887923207464624,0.0821478919998783,0.0989289234860116,3.92670582329551,2026-05-01,,0,0.9381372816860676,0.9393162243068218,0.1649079289287328,15.0,48.0,1,1,0,0,0.01415365830052373,0.09637401044314098,0.11989775576861669,0.15460498113494978,16.8799991607666,-1.8299999237060547,68.0857142857143,19.690000534057617,0.08532251191511642,14.369999885559082,0.48712602709961494,12.300000190734863,0.7373984152724349,5.860000133514404,2.6467577393069472,0.8034682080924855,0.9891618497109826,0.7579479768786127,0.976878612716763,22.06999969482422,9.045000076293944,-0.5901676392675643,0.32085106382978723,0.18237100825040548,EXTREME,"60d +74%, 180d +265%, 20d +49% — multi-leg run already exhausted",False,99
4,7.0,227.9900054931641,0.0915390789699036,-1,1,0.1538585608649024,,,18,0.0925856457324126,-1,2.337326004692001,92.1759837031,-1,1.083330841467878,2.401696387587437,0.04311042884055,SIMO,-0.0425992776694855,0.0655103971741472,0.0494752168918625,6.360661608912532,2026-05-01,,0,0.9336915221065284,0.9336915221065284,0.438046488414208,15.0,24.0,0,1,0,0,0.01415365830052373,0.09637401044314098,0.11989775576861669,0.15460498113494978,16.8799991607666,-1.8299999237060547,68.0857142857143,153.4600067138672,0.48566398747956074,113.9000015258789,1.0016681513508416,127.8812255859375,0.7828262471566043,75.90737915039062,2.003528880129842,0.9963872832369942,0.9804913294797688,0.8027456647398844,0.9971098265895953,227.9900054931641,105.4499969482422,-0.537479738551943,0.32085106382978723,0.1701658948851067,EXTREME,"60d +78%, 180d +200%, 20d +100% — multi-leg run already exhausted",False,99
2,10.0,43.02000045776367,0.0729892923346487,-1,1,-0.1483205445209837,,,2,0.0481949101538326,-1,0.6008320336673256,62.008466873694175,-1,1.1806992998443606,0.6564292549664881,-0.0037293026898622,BETR,-0.9199374172920142,0.0966178606090075,0.0519242128436948,2.074040520357058,2026-05-01,,0,0.9084442295134068,0.9384421296417712,0.2473570034839212,15.0,21.0,1,1,0,0,0.01415365830052373,0.09637401044314098,0.11989775576861669,0.15460498113494978,16.8799991607666,-1.8299999237060547,68.0857142857143,42.540000915527344,0.01128348688072367,37.61000061035156,0.14384471575688007,27.530000686645508,0.5626588951969111,17.68000030517578,1.4332579024430028,0.7109826589595376,0.9855491329479769,0.15390173410404626,0.7839595375722543,47.47999954223633,25.270000457763672,-0.4677758908720191,0.32085106382978723,0.13547442219903208,EXTREME,"60d +56%, 180d +143%, 20d +14% — multi-leg run already exhausted",False,99
1,9.0,27.690000534057617,0.085157156500742,-1,0,0.4511105018861673,,,1,0.0068591729036444,-1,0.5154131029653704,57.90099942897555,-1,1.828346057252544,0.5144283769330721,-0.00174124607536,FSLY,-1.0919956277409342,0.0881081395705262,0.0086004189790045,1.9787837157467711,2026-05-01,,0,0.9304498732089996,0.9377079922705888,0.180975001056989,15.0,45.0,0,1,0,0,0.01415365830052373,0.09637401044314098,0.11989775576861669,0.15460498113494978,16.8799991607666,-1.8299999237060547,68.0857142857143,23.76000022888184,0.16540405165478922,33.5,-0.17343281987887715,8.3100004196167,2.3321298599085782,7.239999771118164,2.824585830032575,0.6177745664739884,0.9963872832369942,0.9963872832369942,0.015895953757225433,33.5,7.960000038146973,-0.7623880585627769,0.32085106382978723,0.129163072236492,EXTREME,"60d +233%, 180d +282%, 20d -17% — multi-leg run already exhausted",False,99
2,7.0,46.0099983215332,0.0528146140800555,-1,1,-0.27829095794008,,,14,0.0689201872954531,-1,0.74450881434485,74.52459497918872,-1,1.0457616499755955,0.8451395611852044,0.0064894722724561,IONQ,-0.7198532615462366,0.0843993628234185,0.062430715022997,2.753646023646444,2026-05-01,,0,0.9001637119799852,0.9385283421725036,0.0503733508288859,15.0,60.0,1,1,0,1,0.01415365830052373,0.09637401044314098,0.11989775576861669,0.15460498113494978,16.8799991607666,-1.8299999237060547,68.0857142857143,42.68999862670898,0.07776996490103127,29.299999237060547,0.5703071508389925,35.34000015258789,0.3019241121356919,41.209999084472656,0.11647656742776102,0.9197976878612717,0.9739884393063584,0.07947976878612717,0.9819364161849711,48.31999969482422,26.59000015258789,-0.44971025826732214,0.32085106382978723,0.12698896394628958,EXTREME,"60d +30%, 180d +12%, 20d +57% — multi-leg run already exhausted",False,99
2,5.0,37.130001068115234,0.0705628563564638,-1,0,0.4295627858861068,,,0,-0.0088414308286586,-1,0.616692046840548,44.72197770439297,-1,1.1612821053873796,-0.5924121845001024,-0.0118888174252594,HYMC,-0.8104141052475536,0.0811415409688655,0.0030473865966008,-0.5865000550331557,2026-05-01,,0,0.9347763173282146,0.9347763173282146,0.2953216693053643,15.0,51.0,0,1,0,0,0.01415365830052373,0.09637401044314098,0.11989775576861669,0.15460498113494978,16.8799991607666,-1.8299999237060547,68.0857142857143,38.040000915527344,-0.02392218258440315,36.0099983215332,0.031102549258168022,39.310001373291016,-0.05545663263845546,3.7899999618530273,8.796834153518416,0.2781791907514451,0.9848265895953757,0.994942196531792,0.40534682080924855,55.7400016784668,30.0,-0.4617868838064737,0.32085106382978723,0.0993594931689666,EXTREME,"60d -6%, 180d +880%, 20d +3% — multi-leg run already exhausted",False,99
0,7.0,157.57000732421875,0.0549419029162617,-1,1,0.1942914197132273,,,19,0.0810251232797259,-1,1.569931856728521,72.97735861363084,-1,0.8872963321812964,1.780459050873048,0.0179062949864418,TTMI,-0.7539400786646494,0.0740247851175136,0.0631188282932841,4.278404184275196,2026-05-01,,0,0.9380992855876684,0.9397708009928464,0.4569373298436403,15.0,36.0,0,0,0,0,0.01415365830052373,0.09637401044314098,0.11989775576861669,0.15460498113494978,16.8799991607666,-1.8299999237060547,68.0857142857143,149.00999450683594,0.05744589714074588,97.4800033569336,0.6164341598066949,96.22000122070312,0.6376013856287011,44.959999084472656,2.504671052776711,0.903179190751445,0.9450867052023122,0.865606936416185,0.9855491329479769,158.22000122070312,87.91000366210938,-0.4443812224506144,0.32085106382978723,0.07594999075802186,EXTREME,"60d +64%, 180d +250%, 20d +62% — multi-leg run already exhausted",False,99
0,6.0,20.81999969482422,0.0700768326212687,-1,0,0.4015610023450066,,,0,0.048692107336802,-1,0.9153445508820724,47.591146374988,-1,0.9974338613089568,-0.997314788212003,-0.0371594584053452,TNGX,-1.7878028321411743,0.088801973549652,0.0858515657421473,1.3463271280391225,2026-05-01,,0,0.940786232240498,0.940786232240498,0.1590303656024237,15.0,24.0,0,1,0,0,0.01415365830052373,0.09637401044314098,0.11989775576861669,0.15460498113494978,16.8799991607666,-1.8299999237060547,68.0857142857143,25.770000457763672,-0.19208384458713412,21.6299991607666,-0.037447965666665084,12.31999969482422,0.6899350820252821,6.880000114440918,2.02616269600398,0.34609826589595377,0.9696531791907514,0.9934971098265896,0.15823699421965318,27.770000457763672,11.140000343322754,-0.5988476715992153,0.32085106382978723,0.06977503565968188,EXTREME,"60d +69%, 180d +203%, 20d -4% — multi-leg run already exhausted",False,99
1,9.0,119.9800033569336,0.0722203756716814,-1,1,0.0767433395995939,,,21,0.0583585219417473,-1,0.8320352583862411,57.74199144816868,-1,0.9947615023452046,0.8874536902774031,-0.0040313505387684,CRWV,-0.7340310219128144,0.0710445717835064,0.0623898724805157,3.206816183246815,2026-05-01,,0,0.8802593154832721,0.9321511015295982,0.1559519850338498,15.0,60.0,1,1,0,1,0.01415365830052373,0.09637401044314098,0.11989775576861669,0.15460498113494978,16.8799991607666,-1.8299999237060547,68.0857142857143,110.13999938964844,0.08934087544774383,82.23999786376953,0.4589008569246358,82.45999908447266,0.455008545828689,117.76000213623048,0.018851912197954235,0.6127167630057804,0.9682080924855492,0.5903179190751445,0.9689306358381503,122.54000091552734,69.1500015258789,-0.4356944588767606,0.32085106382978723,0.060156155848207535,CATALYST,20d +46% from 9 big-up days (earnings/news rerating),True,30
